{
   "dashboards": [{
      "autoswitchEnabled": false,
      "columnCount": 1,
      "columnProportion": "1",
      "creationTime": 1537926787386,
      "description": "",
      "disabled": false,
      "gridsterMaxColumns": 12,
      "hidden": false,
      "homeTab": false,
      "id": "e4d95ed2-3a0c-47f3-b562-898a8424909f",
      "importAttempts": 0,
      "importComplete": true,
      "isDefault": false,
      "locked": false,
      "name": "VMs with Guest Needed Memory not Collecting",
      "rank": 136,
      "shared": false,
      "temporary": false,
      "userId": "87a15df6-df0b-4b3b-be18-9c5e69ed78e3",
      "widgetInteractions": [],
      "widgets": [
         {
            "collapsed": false,
            "config": {
               "chartViewItems": [],
               "resource": {
                  "adapterKindId": "VMWARE",
                  "allowDrag": true,
                  "allowDrop": true,
                  "checked": null,
                  "children": null,
                  "cls": "",
                  "depth": 1,
                  "expandable": true,
                  "expanded": false,
                  "href": "",
                  "hrefTarget": "",
                  "icon": "",
                  "iconCls": "resknd_default_vmware_vsphereworld",
                  "iconSrc": "images/resknd/default/16x16/VMWARE_vSphere World.png",
                  "id": "0f5ec4f9-6354-4f28-97d6-befb81366430",
                  "index": 0,
                  "isFirst": true,
                  "isLast": true,
                  "leaf": false,
                  "loaded": false,
                  "loading": false,
                  "nodeType": "resource",
                  "parentId": "source",
                  "qshowDelay": 0,
                  "qtip": "",
                  "qtitle": "",
                  "resourceId": "resource:id:0_::_",
                  "resourceKindId": "002006VMWAREvSphere World",
                  "resourceKindKey": "vSphere World",
                  "resourceKindType": 8,
                  "resourceName": "vSphere World",
                  "root": false,
                  "rootResourceId": "0f5ec4f9-6354-4f28-97d6-befb81366430",
                  "text": "vSphere World",
                  "traversalSpecId": "vSphere Hosts and Clusters-VMWARE-vSphere World",
                  "uniqueId": "0f5ec4f9-6354-4f28-97d6-befb81366430_1532723177390",
                  "visible": true
               },
               "selfProvider": {"selfProvider": true},
               "title": "List of VMs with Guest Needed Memory not collecting",
               "viewDefinitionId": "22120913-574b-44f5-a935-0fc4298d566c"
            },
            "gridsterCoords": {
               "h": 10,
               "w": 7,
               "x": 6,
               "y": 7
            },
            "height": 552,
            "id": "9516bf22-6759-4472-9562-0cff8323e62f",
            "title": "List of VMs with Guest Needed Memory not collecting",
            "type": "View"
         },
         {
            "collapsed": false,
            "config": {
               "configs": [{
                  "attributeKind": {"value": ""},
                  "color": {"thresholds": {
                     "colors": [
                        "#00ff00",
                        "#888800",
                        "#ff0000"
                     ],
                     "values": [
                        0,
                        50,
                        100
                     ]
                  }},
                  "colorBy": {
                     "metricKey": "Super Metric|sm_1865d4e2-00e4-4d8c-8ff5-04e084419d73",
                     "value": "Super Metric|Guest Needed Memory is not collecting"
                  },
                  "focusOnGroups": true,
                  "groupBy": {
                     "id": "004null002006VMWAREClusterComputeResource",
                     "originalText": "Cluster Compute Resource",
                     "parentId": "VMWARE",
                     "parentText": "vCenter Adapter",
                     "text": "Cluster Compute Resource",
                     "type": "resourceKind",
                     "typeId": "resourceKind:id:1_::_"
                  },
                  "mode": {"mode": false},
                  "name": "Guest Needed Memory Collection Status",
                  "relationalGrouping": false,
                  "resourceKind": "resourceKind:id:3_::_",
                  "sizeBy": {
                     "metricKey": "mem|vmMemoryDemand",
                     "value": "Memory|Utilization (KB)"
                  },
                  "solidColoring": false,
                  "tagFilter": {
                     "path": ["/source/kind_resourceKind:id:0_::_/tag:resource:id:1_::_"],
                     "value": {
                        "adapterInstance": [],
                        "adapterKind": [],
                        "bus": [],
                        "collector": [],
                        "day": [],
                        "exclaim": false,
                        "healthRange": [],
                        "kind": [],
                        "maintenanceSchedule": [],
                        "state": [],
                        "status": [],
                        "tag": [["resource:id:1_::_"]],
                        "tier": []
                     }
                  },
                  "thenBy": {
                     "id": "004null002006VMWAREHostSystem",
                     "originalText": "Host System",
                     "parentId": "VMWARE",
                     "parentText": "vCenter Adapter",
                     "text": "Host System",
                     "type": "resourceKind",
                     "typeId": "resourceKind:id:2_::_"
                  }
               }],
               "refreshContent": {"refreshContent": true},
               "refreshInterval": 300,
               "title": "Red VMs do not have Guest Needed Memory Collecting",
               "value": 0
            },
            "gridsterCoords": {
               "h": 10,
               "w": 5,
               "x": 1,
               "y": 7
            },
            "height": 552,
            "id": "1a2d1037-2b55-4275-9957-e357462e7258",
            "states": [{
               "key": "perm_HeatMap_widget_e4d95ed2-3a0c-47f3-b562-898a8424909f_1a2d1037-2b55-4275-9957-e357462e7258",
               "value": "o%3A"
            }],
            "title": "Red VMs do not have Guest Needed Memory Collecting",
            "type": "Heatmap"
         },
         {
            "collapsed": false,
            "config": {
               "chartViewItems": [
                  "legend",
                  "labels"
               ],
               "refreshContent": {"refreshContent": false},
               "refreshInterval": 300,
               "resource": {
                  "adapterKindId": "VMWARE",
                  "allowDrag": true,
                  "allowDrop": true,
                  "checked": null,
                  "children": null,
                  "cls": "",
                  "depth": 1,
                  "expandable": true,
                  "expanded": false,
                  "href": "",
                  "hrefTarget": "",
                  "icon": "",
                  "iconCls": "resknd_default_vmware_vsphereworld",
                  "iconSrc": "images/resknd/default/16x16/VMWARE_vSphere World.png",
                  "id": "652ec7d3-4e7f-4463-b5b2-64f75af7899b",
                  "index": 0,
                  "isFirst": true,
                  "isLast": true,
                  "leaf": false,
                  "loaded": false,
                  "loading": false,
                  "nodeType": "resource",
                  "parentId": "source",
                  "qshowDelay": 0,
                  "qtip": "",
                  "qtitle": "",
                  "resourceId": "resource:id:0_::_",
                  "resourceKindId": "002006VMWAREvSphere World",
                  "resourceKindKey": "vSphere World",
                  "resourceKindName": "vSphere World",
                  "resourceKindType": 8,
                  "resourceName": "vSphere World",
                  "root": false,
                  "rootResourceId": "652ec7d3-4e7f-4463-b5b2-64f75af7899b",
                  "text": "vSphere World",
                  "traversalSpecId": "vSphere Hosts and Clusters-VMWARE-vSphere World",
                  "uniqueId": "652ec7d3-4e7f-4463-b5b2-64f75af7899b_1537989131551",
                  "visible": true
               },
               "selectFirstRow": {"selectFirstRow": false},
               "selfProvider": {"selfProvider": true},
               "title": "Percentage of Affected VMs",
               "traversalSpecId": null,
               "viewDefinitionId": "8742e1a4-a1f6-4dc3-9552-446e4bdfabd1"
            },
            "gridsterCoords": {
               "h": 6,
               "w": 7,
               "x": 6,
               "y": 1
            },
            "height": 323,
            "id": "8702e677-f9e0-49ff-a4f7-99c61073f51a",
            "title": "Percentage of Affected VMs",
            "type": "View"
         },
         {
            "collapsed": false,
            "config": {
               "editorData": "Use this dashboard to identify VMs with Guest Needed Memory not collecting as mentioned in <a href=\"https://kb.vmware.com/s/article/55675\">KB 55675<\/a>.&nbsp; Affected VMs may show higher Memory Workload, lower Capacity Remaining and lower Time Remaining than expected.<div><div><br><\/div><div>Requirements for Guest Memory Needed metric:<\/div><div>&nbsp; - ESXi 6.0 Update 1 or newer<\/div><div>&nbsp; - vCenter Server 6.0 Update 1 or newer<\/div><div>&nbsp; - VMware Tools 10.3.2 (10338) or newer for Windows VMs<\/div><div>&nbsp; - VMware Tools 9.10.5 (9541) or newer for Linux VMs<\/div><div>&nbsp; - If all requirements are met, disconnect and reconnect the ESXi host in vCenter<\/div><div><div><br><\/div><\/div><\/div>",
               "locationFile": "",
               "locationUrl": "",
               "refreshContent": {"refreshContent": false},
               "refreshInterval": 300,
               "title": "Instructions",
               "titleLocalized": "Instructions",
               "viewModeHTML": true
            },
            "gridsterCoords": {
               "h": 6,
               "w": 5,
               "x": 1,
               "y": 1
            },
            "height": 323,
            "id": "5a272f2a-f68f-4db5-b1ce-80199e850635",
            "title": "Instructions",
            "type": "TextDisplay"
         }
      ]
   }],
   "entries": {
      "resource": [
         {
            "adapterKindKey": "VMWARE",
            "identifiers": [],
            "internalId": "resource:id:0_::_",
            "name": "vSphere World",
            "resourceKindKey": "vSphere World"
         },
         {
            "adapterKindKey": "VMWARE",
            "identifiers": [],
            "internalId": "resource:id:1_::_",
            "name": "PoweredOn:all",
            "resourceKindKey": "VM Entity Status"
         }
      ],
      "resourceKind": [
         {
            "adapterKindKey": "VMWARE",
            "internalId": "resourceKind:id:2_::_",
            "resourceKindKey": "HostSystem"
         },
         {
            "adapterKindKey": "VMWARE",
            "internalId": "resourceKind:id:3_::_",
            "resourceKindKey": "VirtualMachine"
         },
         {
            "adapterKindKey": "VMWARE",
            "internalId": "resourceKind:id:1_::_",
            "resourceKindKey": "ClusterComputeResource"
         },
         {
            "adapterKindKey": "VMWARE",
            "internalId": "resourceKind:id:0_::_",
            "resourceKindKey": "VM Entity Status"
         }
      ]
   },
   "uuid": "c26f881b-c376-47da-98a6-616bf4f3f836"
}