<?xml version="1.0" encoding="UTF-8" standalone="yes"?>
<Content>
    <Views>
        <ViewDef id="8742e1a4-a1f6-4dc3-9552-446e4bdfabd1">
            <Title>VMs with Guest Needed Memory not Collecting Chart</Title>
            <Description/>
            <SubjectType adapterKind="VMWARE" filter="[[{&quot;filterType&quot;:&quot;properties&quot;,&quot;metricKey&quot;:&quot;summary|guest|toolsVersion&quot;,&quot;condition&quot;:&quot;NOT_EQUALS&quot;,&quot;metricValue&quot;:{&quot;value&quot;:&quot;2147483647&quot;,&quot;isStringMetric&quot;:true}}]]" resourceKind="VirtualMachine" type="descendant"/>
            <Usage>dashboard</Usage>
            <Usage>report</Usage>
            <Usage>details</Usage>
            <Usage>content</Usage>
            <Controls>
                <Control id="time-interval-selector_id_469" type="time-interval-selector" visible="false">
                    <Property name="advancedTimeMode" value="false"/>
                    <Property name="unit" value="DAYS"/>
                    <Property name="count" value="7"/>
                </Control>
                <Control id="attributes-selector_id_470" type="attributes-selector" visible="false">
                    <Property name="attributeInfos">
                        <List>
                            <Item>
<Value>
    <Property name="objectType" value="RESOURCE"/>
    <Property name="attributeKey" value="Super Metric|sm_1865d4e2-00e4-4d8c-8ff5-04e084419d73"/>
    <Property name="isStringAttribute" value="false"/>
    <Property name="adapterKind" value="VMWARE"/>
    <Property name="resourceKind" value="VirtualMachine"/>
    <Property name="rollUpType" value="NONE"/>
    <Property name="rollUpCount" value="0"/>
    <Property name="transformations">
        <List>
            <Item value="CURRENT"/>
        </List>
    </Property>
    <Property name="isProperty" value="false"/>
    <Property name="displayName" value="Guest Needed Memory is not Collecting Chart"/>
</Value>
                            </Item>
                        </List>
                    </Property>
                </Control>
                <Control id="buckets-control_id_471" type="buckets-control" visible="false">
                    <Property name="bucketCount" value="2"/>
                    <Property name="dynamicCalcFunction" value="DISCRETE"/>
                    <Property name="isDynamic" value="true"/>
                </Control>
                <Control id="pagination-control_id_472" type="pagination-control" visible="true">
                    <Property name="start" value="0"/>
                    <Property name="size" value="50"/>
                </Control>
                <Control id="metadata_id_473" type="metadata" visible="false">
                    <Property name="maxPointsCount" value="5000"/>
                    <Property name="hideObjectNameColumn" value="false"/>
                </Control>
            </Controls>
            <DataProviders>
                <DataProvider dataType="distribution-view" id="distribution-view_id_468"/>
            </DataProviders>
            <Presentation type="pie-chart"/>
        </ViewDef>
        <ViewDef id="b1691404-55df-487f-9ef3-27e8aed83f50">
            <Title>Guest Needed Memory Detail</Title>
            <Description/>
            <SubjectType adapterKind="VMWARE" filter="[[{&quot;condition&quot;:&quot;EQUALS&quot;,&quot;metricKey&quot;:&quot;sys|poweredOn&quot;,&quot;metricValue&quot;:{&quot;isStringMetric&quot;:false,&quot;value&quot;:1},&quot;filterType&quot;:&quot;metrics&quot;},{&quot;condition&quot;:&quot;LESS_THAN&quot;,&quot;metricKey&quot;:&quot;guest|mem.needed_latest&quot;,&quot;metricValue&quot;:{&quot;isStringMetric&quot;:false,&quot;value&quot;:0},&quot;filterType&quot;:&quot;metrics&quot;}]]" resourceKind="VirtualMachine" type="descendant"/>
            <SubjectType adapterKind="VMWARE" filter="[[{&quot;condition&quot;:&quot;EQUALS&quot;,&quot;metricKey&quot;:&quot;sys|poweredOn&quot;,&quot;metricValue&quot;:{&quot;isStringMetric&quot;:false,&quot;value&quot;:1},&quot;filterType&quot;:&quot;metrics&quot;},{&quot;condition&quot;:&quot;LESS_THAN&quot;,&quot;metricKey&quot;:&quot;guest|mem.needed_latest&quot;,&quot;metricValue&quot;:{&quot;isStringMetric&quot;:false,&quot;value&quot;:0},&quot;filterType&quot;:&quot;metrics&quot;}]]" resourceKind="VirtualMachine" type="self"/>
            <Usage>dashboard</Usage>
            <Usage>report</Usage>
            <Usage>details</Usage>
            <Usage>content</Usage>
            <Controls>
                <Control id="time-interval-selector_id_365" type="time-interval-selector" visible="false">
                    <Property name="advancedTimeMode" value="false"/>
                    <Property name="unit" value="DAYS"/>
                    <Property name="count" value="7"/>
                </Control>
                <Control id="attributes-selector_id_366" type="attributes-selector" visible="false">
                    <Property name="attributeInfos">
                        <List>
                            <Item>
<Value>
    <Property name="objectType" value="RESOURCE"/>
    <Property name="attributeKey" value="mem|vmMemoryDemand"/>
    <Property name="preferredUnitId" value="auto"/>
    <Property name="isStringAttribute" value="false"/>
    <Property name="adapterKind" value="VMWARE"/>
    <Property name="resourceKind" value="VirtualMachine"/>
    <Property name="rollUpType" value="NONE"/>
    <Property name="rollUpCount" value="0"/>
    <Property name="transformations">
        <List>
            <Item value="CURRENT"/>
        </List>
    </Property>
    <Property name="isProperty" value="false"/>
</Value>
                            </Item>
                            <Item>
<Value>
    <Property name="objectType" value="RESOURCE"/>
    <Property name="attributeKey" value="mem|consumed_average"/>
    <Property name="preferredUnitId" value="auto"/>
    <Property name="isStringAttribute" value="false"/>
    <Property name="adapterKind" value="VMWARE"/>
    <Property name="resourceKind" value="VirtualMachine"/>
    <Property name="rollUpType" value="NONE"/>
    <Property name="rollUpCount" value="0"/>
    <Property name="transformations">
        <List>
            <Item value="CURRENT"/>
        </List>
    </Property>
    <Property name="isProperty" value="false"/>
</Value>
                            </Item>
                            <Item>
<Value>
    <Property name="objectType" value="RESOURCE"/>
    <Property name="attributeKey" value="mem|nonzero_active"/>
    <Property name="preferredUnitId" value="auto"/>
    <Property name="isStringAttribute" value="false"/>
    <Property name="adapterKind" value="VMWARE"/>
    <Property name="resourceKind" value="VirtualMachine"/>
    <Property name="rollUpType" value="NONE"/>
    <Property name="rollUpCount" value="0"/>
    <Property name="transformations">
        <List>
            <Item value="CURRENT"/>
        </List>
    </Property>
    <Property name="isProperty" value="false"/>
</Value>
                            </Item>
                            <Item>
<Value>
    <Property name="objectType" value="RESOURCE"/>
    <Property name="attributeKey" value="guest|mem.needed_latest"/>
    <Property name="preferredUnitId" value="auto"/>
    <Property name="isStringAttribute" value="false"/>
    <Property name="adapterKind" value="VMWARE"/>
    <Property name="resourceKind" value="VirtualMachine"/>
    <Property name="rollUpType" value="NONE"/>
    <Property name="rollUpCount" value="0"/>
    <Property name="transformations">
        <List>
            <Item value="CURRENT"/>
        </List>
    </Property>
    <Property name="sortCriteria" value="true"/>
    <Property name="isProperty" value="false"/>
</Value>
                            </Item>
                            <Item>
<Value>
    <Property name="objectType" value="RESOURCE"/>
    <Property name="attributeKey" value="guest|page.inRate_latest"/>
    <Property name="isStringAttribute" value="false"/>
    <Property name="adapterKind" value="VMWARE"/>
    <Property name="resourceKind" value="VirtualMachine"/>
    <Property name="rollUpType" value="NONE"/>
    <Property name="rollUpCount" value="0"/>
    <Property name="transformations">
        <List>
            <Item value="CURRENT"/>
        </List>
    </Property>
    <Property name="isProperty" value="false"/>
</Value>
                            </Item>
                            <Item>
<Value>
    <Property name="objectType" value="RESOURCE"/>
    <Property name="attributeKey" value="guest|page.size_latest"/>
    <Property name="preferredUnitId" value="auto"/>
    <Property name="isStringAttribute" value="false"/>
    <Property name="adapterKind" value="VMWARE"/>
    <Property name="resourceKind" value="VirtualMachine"/>
    <Property name="rollUpType" value="NONE"/>
    <Property name="rollUpCount" value="0"/>
    <Property name="transformations">
        <List>
            <Item value="CURRENT"/>
        </List>
    </Property>
    <Property name="isProperty" value="false"/>
</Value>
                            </Item>
                            <Item>
<Value>
    <Property name="objectType" value="RESOURCE"/>
    <Property name="attributeKey" value="mem|guest_provisioned"/>
    <Property name="preferredUnitId" value="auto"/>
    <Property name="isStringAttribute" value="false"/>
    <Property name="adapterKind" value="VMWARE"/>
    <Property name="resourceKind" value="VirtualMachine"/>
    <Property name="rollUpType" value="NONE"/>
    <Property name="rollUpCount" value="0"/>
    <Property name="transformations">
        <List>
            <Item value="CURRENT"/>
        </List>
    </Property>
    <Property name="isProperty" value="false"/>
</Value>
                            </Item>
                            <Item>
<Value>
    <Property name="objectType" value="RESOURCE"/>
    <Property name="attributeKey" value="guest|mem.physUsable_latest"/>
    <Property name="preferredUnitId" value="auto"/>
    <Property name="isStringAttribute" value="false"/>
    <Property name="adapterKind" value="VMWARE"/>
    <Property name="resourceKind" value="VirtualMachine"/>
    <Property name="rollUpType" value="NONE"/>
    <Property name="rollUpCount" value="0"/>
    <Property name="transformations">
        <List>
            <Item value="CURRENT"/>
        </List>
    </Property>
    <Property name="isProperty" value="false"/>
</Value>
                            </Item>
                            <Item>
<Value>
    <Property name="objectType" value="RESOURCE"/>
    <Property name="attributeKey" value="summary|guest|toolsVersion"/>
    <Property name="isStringAttribute" value="true"/>
    <Property name="adapterKind" value="VMWARE"/>
    <Property name="resourceKind" value="VirtualMachine"/>
    <Property name="rollUpCount" value="0"/>
    <Property name="transformations">
        <List>
            <Item value="CURRENT"/>
        </List>
    </Property>
    <Property name="isProperty" value="true"/>
    <Property name="displayName" value="Tools Version"/>
</Value>
                            </Item>
                            <Item>
<Value>
    <Property name="objectType" value="RESOURCE"/>
    <Property name="attributeKey" value="summary|guest|toolsRunningStatus"/>
    <Property name="isStringAttribute" value="true"/>
    <Property name="adapterKind" value="VMWARE"/>
    <Property name="resourceKind" value="VirtualMachine"/>
    <Property name="rollUpCount" value="0"/>
    <Property name="transformations">
        <List>
            <Item value="CURRENT"/>
        </List>
    </Property>
    <Property name="isProperty" value="true"/>
    <Property name="displayName" value="Tools Running Status"/>
</Value>
                            </Item>
                            <Item>
<Value>
    <Property name="objectType" value="RESOURCE"/>
    <Property name="attributeKey" value="summary|guest|toolsVersionStatus2"/>
    <Property name="isStringAttribute" value="true"/>
    <Property name="adapterKind" value="VMWARE"/>
    <Property name="resourceKind" value="VirtualMachine"/>
    <Property name="rollUpCount" value="0"/>
    <Property name="transformations">
        <List>
            <Item value="CURRENT"/>
        </List>
    </Property>
    <Property name="isProperty" value="true"/>
    <Property name="displayName" value="Tools Version Status"/>
</Value>
                            </Item>
                            <Item>
<Value>
    <Property name="objectType" value="RESOURCE"/>
    <Property name="attributeKey" value="summary|parentHost"/>
    <Property name="isStringAttribute" value="true"/>
    <Property name="adapterKind" value="VMWARE"/>
    <Property name="resourceKind" value="VirtualMachine"/>
    <Property name="rollUpCount" value="0"/>
    <Property name="transformations">
        <List>
            <Item value="CURRENT"/>
        </List>
    </Property>
    <Property name="sortCriteria" value="true"/>
    <Property name="isProperty" value="true"/>
    <Property name="displayName" value="Parent Host"/>
</Value>
                            </Item>
                        </List>
                    </Property>
                </Control>
                <Control id="pagination-control_id_367" type="pagination-control" visible="true">
                    <Property name="start" value="0"/>
                    <Property name="size" value="50"/>
                </Control>
                <Control id="metadata_id_368" type="metadata" visible="false">
                    <Property name="maxPointsCount" value="5000"/>
                    <Property name="hideObjectNameColumn" value="false"/>
                    <Property name="listTopResultSize" value="-1"/>
                </Control>
            </Controls>
            <DataProviders>
                <DataProvider dataType="list-view" id="list-view_id_364"/>
            </DataProviders>
            <Presentation type="list"/>
        </ViewDef>
        <ViewDef id="22120913-574b-44f5-a935-0fc4298d566c">
            <Title>VMs with Guest Needed Memory not Collecting List</Title>
            <Description/>
            <SubjectType adapterKind="VMWARE" filter="[[{&quot;filterType&quot;:&quot;metrics&quot;,&quot;metricKey&quot;:&quot;Super Metric|sm_1865d4e2-00e4-4d8c-8ff5-04e084419d73&quot;,&quot;condition&quot;:&quot;EQUALS&quot;,&quot;metricValue&quot;:{&quot;value&quot;:1,&quot;isStringMetric&quot;:false}},{&quot;filterType&quot;:&quot;properties&quot;,&quot;metricKey&quot;:&quot;summary|guest|toolsVersion&quot;,&quot;condition&quot;:&quot;NOT_EQUALS&quot;,&quot;metricValue&quot;:{&quot;value&quot;:&quot;2147483647&quot;,&quot;isStringMetric&quot;:true}}]]" resourceKind="VirtualMachine" type="descendant"/>
            <SubjectType adapterKind="VMWARE" filter="[[{&quot;filterType&quot;:&quot;metrics&quot;,&quot;metricKey&quot;:&quot;Super Metric|sm_1865d4e2-00e4-4d8c-8ff5-04e084419d73&quot;,&quot;condition&quot;:&quot;EQUALS&quot;,&quot;metricValue&quot;:{&quot;value&quot;:1,&quot;isStringMetric&quot;:false}},{&quot;filterType&quot;:&quot;properties&quot;,&quot;metricKey&quot;:&quot;summary|guest|toolsVersion&quot;,&quot;condition&quot;:&quot;NOT_EQUALS&quot;,&quot;metricValue&quot;:{&quot;value&quot;:&quot;2147483647&quot;,&quot;isStringMetric&quot;:true}}]]" resourceKind="VirtualMachine" type="self"/>
            <Usage>dashboard</Usage>
            <Usage>report</Usage>
            <Usage>details</Usage>
            <Usage>content</Usage>
            <Controls>
                <Control id="time-interval-selector_id_515" type="time-interval-selector" visible="false">
                    <Property name="advancedTimeMode" value="false"/>
                    <Property name="unit" value="DAYS"/>
                    <Property name="count" value="7"/>
                </Control>
                <Control id="attributes-selector_id_516" type="attributes-selector" visible="false">
                    <Property name="attributeInfos">
                        <List>
                            <Item>
<Value>
    <Property name="objectType" value="RESOURCE"/>
    <Property name="attributeKey" value="summary|guest|fullName"/>
    <Property name="id" value="extModel3342-1"/>
    <Property name="isStringAttribute" value="true"/>
    <Property name="adapterKind" value="VMWARE"/>
    <Property name="resourceKind" value="VirtualMachine"/>
    <Property name="rollUpCount" value="0"/>
    <Property name="transformations">
        <List>
            <Item value="CURRENT"/>
        </List>
    </Property>
    <Property name="isProperty" value="true"/>
    <Property name="displayName" value="Operating System"/>
</Value>
                            </Item>
                            <Item>
<Value>
    <Property name="objectType" value="RESOURCE"/>
    <Property name="attributeKey" value="summary|guest|toolsRunningStatus"/>
    <Property name="id" value="extModel3342-2"/>
    <Property name="isStringAttribute" value="true"/>
    <Property name="adapterKind" value="VMWARE"/>
    <Property name="resourceKind" value="VirtualMachine"/>
    <Property name="rollUpCount" value="0"/>
    <Property name="transformations">
        <List>
            <Item value="CURRENT"/>
        </List>
    </Property>
    <Property name="isProperty" value="true"/>
    <Property name="yellowBound" value="Guest Tools Supported Old"/>
    <Property name="orangeBound" value="Guest Tools Too Old"/>
    <Property name="redBound" value="Guest Tools Not Running"/>
    <Property name="ascendingRange" value="true"/>
    <Property name="displayName" value="Tools Running Status"/>
</Value>
                            </Item>
                            <Item>
<Value>
    <Property name="objectType" value="RESOURCE"/>
    <Property name="attributeKey" value="summary|guest|toolsVersion"/>
    <Property name="id" value="extModel3342-3"/>
    <Property name="isStringAttribute" value="true"/>
    <Property name="adapterKind" value="VMWARE"/>
    <Property name="resourceKind" value="VirtualMachine"/>
    <Property name="rollUpCount" value="0"/>
    <Property name="transformations">
        <List>
            <Item value="CURRENT"/>
        </List>
    </Property>
    <Property name="isProperty" value="true"/>
    <Property name="displayName" value="Tools Version"/>
</Value>
                            </Item>
                            <Item>
<Value>
    <Property name="objectType" value="RESOURCE"/>
    <Property name="attributeKey" value="mem|consumedPct"/>
    <Property name="id" value="extModel3342-4"/>
    <Property name="preferredUnitId" value="percent"/>
    <Property name="isStringAttribute" value="false"/>
    <Property name="adapterKind" value="VMWARE"/>
    <Property name="resourceKind" value="VirtualMachine"/>
    <Property name="rollUpType" value="NONE"/>
    <Property name="rollUpCount" value="0"/>
    <Property name="transformations">
        <List>
            <Item value="CURRENT"/>
        </List>
    </Property>
    <Property name="isProperty" value="false"/>
    <Property name="yellowBound" value="70"/>
    <Property name="orangeBound" value="80"/>
    <Property name="redBound" value="90"/>
    <Property name="ascendingRange" value="false"/>
    <Property name="displayName" value="Consumed"/>
</Value>
                            </Item>
                            <Item>
<Value>
    <Property name="objectType" value="RESOURCE"/>
    <Property name="attributeKey" value="mem|usage_average"/>
    <Property name="id" value="extModel3342-5"/>
    <Property name="preferredUnitId" value="percent"/>
    <Property name="isStringAttribute" value="false"/>
    <Property name="adapterKind" value="VMWARE"/>
    <Property name="resourceKind" value="VirtualMachine"/>
    <Property name="rollUpType" value="NONE"/>
    <Property name="rollUpCount" value="0"/>
    <Property name="transformations">
        <List>
            <Item value="CURRENT"/>
        </List>
    </Property>
    <Property name="isProperty" value="false"/>
    <Property name="yellowBound" value="70"/>
    <Property name="orangeBound" value="80"/>
    <Property name="redBound" value="90"/>
    <Property name="ascendingRange" value="false"/>
    <Property name="displayName" value="Usage"/>
</Value>
                            </Item>
                            <Item>
<Value>
    <Property name="objectType" value="RESOURCE"/>
    <Property name="attributeKey" value="mem|workload"/>
    <Property name="id" value="extModel3342-6"/>
    <Property name="preferredUnitId" value="percent"/>
    <Property name="isStringAttribute" value="false"/>
    <Property name="adapterKind" value="VMWARE"/>
    <Property name="resourceKind" value="VirtualMachine"/>
    <Property name="rollUpType" value="NONE"/>
    <Property name="rollUpCount" value="0"/>
    <Property name="transformations">
        <List>
            <Item value="CURRENT"/>
        </List>
    </Property>
    <Property name="sortCriteria" value="false"/>
    <Property name="isProperty" value="false"/>
    <Property name="yellowBound" value="70"/>
    <Property name="orangeBound" value="80"/>
    <Property name="redBound" value="90"/>
    <Property name="ascendingRange" value="false"/>
    <Property name="displayName" value="Workload"/>
</Value>
                            </Item>
                        </List>
                    </Property>
                </Control>
                <Control id="pagination-control_id_517" type="pagination-control" visible="true">
                    <Property name="start" value="0"/>
                    <Property name="size" value="50"/>
                </Control>
            </Controls>
            <DataProviders>
                <DataProvider dataType="list-view" id="list-view_id_514"/>
            </DataProviders>
            <Presentation type="list"/>
        </ViewDef>
    </Views>
</Content>
